ID,Coach Name,Sport Type,Years of Experience,Location,Rating,Availability,Hourly Rate,Contact Email,Phone Number,Certifications,Bio,Languages Spoken,Profile Picture URL
1,Li Wei,Football,9,Shenzhen,4.2,"Monday-Friday, 9 AM-5 PM",43,liwei@example.com  ,+86 9963334018,FIFA Certified Coach,Experienced football coach with 9 years of coaching experience.,Chinese,https://example.com/profile.jpg
2,Yang Ming,Football,2,Beijing,3.7,"Tuesday-Saturday, 10 AM-6 PM",59,yangming@example.com  ,+86 9703905715,Certified Strength and Conditioning Specialist (CSCS),Experienced football coach with 2 years of coaching experience.,"Chinese, English",https://example.com/profile.jpg
3,Liu Chen,Football,18,Hangzhou,4.5,"Wednesday-Sunday, 8 AM-4 PM",65,liuchen@example.com  ,+86 4460967357,National Academy of Sports Medicine (NASM) Certified Personal Trainer,Experienced football coach with 18 years of coaching experience.,"Chinese, English",https://example.com/profile.jpg
4,Zheng Yi,Football,14,Chengdu,4.3,"Monday-Saturday, 9 AM-5 PM",57,zhengyi@example.com  ,+86 2445662585,USA Track & Field Level 1 Coach,Experienced football coach with 14 years of coaching experience.,"Chinese, English",https://example.com/profile.jpg
5,Zhang Jie,Football,13,Shanghai,4.8,"Thursday-Sunday, 11 AM-7 PM",74,zhangjie@example.com  ,+86 7887950851,American Swimming Coaches Association (ASCA) Level 2 Coach,Experienced football coach with 13 years of coaching experience.,"Chinese, English",https://example.com/profile.jpg
6,Tang Wei,Football,2,Suzhou,3.9,"Monday-Thursday, 10 AM-4 PM",45,tangwei@example.com  ,+86 2625792787,International Volleyball Federation (FIVB) Coach,Experienced football coach with 2 years of coaching experience.,"Chinese, Arabic",https://example.com/profile.jpg
7,Guo Ling,Football,10,Dongguan,4.6,"Friday-Sunday, 9 AM-5 PM",76,guoling@example.com  ,+86 3479708607,National Federation of State High School Associations (NFHS) Coaching Certificate,Experienced football coach with 10 years of coaching experience.,Chinese,https://example.com/profile.jpg
8,Li Qiang,Basketball,8,Wuhan,4.9,"Monday-Wednesday, 8 AM-6 PM",59,liqiang@example.com  ,+86 4721519026,None,Experienced basketball coach with 8 years of coaching experience.,"Chinese, English",https://example.com/profile.jpg
9,Jiang Lei,Basketball,9,Xi'an,4.4,"Tuesday-Thursday, 9 AM-5 PM",76,jianglei@example.com  ,+86 5993561321,Certified Yoga Instructor,Experienced basketball coach with 9 years of coaching experience.,"Chinese, English",https://example.com/profile.jpg
10,Sun Yang,Basketball,7,Dongguan,4.1,"Monday-Friday, 8 AM-4 PM",39,sunyang@example.com  ,+86 4131575764,National Strength and Conditioning Association (NSCA) Certified Coach,Experienced basketball coach with 7 years of coaching experience.,"Chinese, English",https://example.com/profile.jpg
11,Wang Fang,Basketball,15,Hangzhou,3.8,"Wednesday-Friday, 10 AM-5 PM",58,wangfang@example.com  ,+86 8235363119,USA Basketball Coach License,Experienced basketball coach with 15 years of coaching experience.,"Chinese, English",https://example.com/profile.jpg
12,He Yi,Basketball,2,Shenzhen,4.7,"Saturday-Sunday, 9 AM-6 PM",70,heyi@example.com  ,+86 7017956955,International Gymnastics Federation (FIG) Coach,Experienced basketball coach with 2 years of coaching experience.,"Chinese, English",https://example.com/profile.jpg
13,Wu Fei,Basketball,7,Tianjin,4.4,"Tuesday-Friday, 10 AM-5 PM",70,wufei@example.com  ,+86 7439149233,National Association of Professional Fitness Trainers (NAPFT) Certified Trainer,Experienced basketball coach with 7 years of coaching experience.,Chinese,https://example.com/profile.jpg
14,Zhou Jun,Basketball,15,Guangzhou,4.2,"Monday-Sunday, 9 AM-6 PM",61,zhoujun@example.com  ,+86 7609857128,None,Experienced basketball coach with 15 years of coaching experience.,"Chinese, French",https://example.com/profile.jpg
15,Chen Hao,Volleyball,19,Hangzhou,4.3,"Friday-Saturday, 10 AM-4 PM",47,chenhao@example.com  ,+86 7483366056,Coaching Certification from the Chinese Football Association,Experienced volleyball coach with 19 years of coaching experience.,"Chinese, English",https://example.com/profile.jpg
16,Zhang Jie,Volleyball,2,Shanghai,4.1,"Thursday-Saturday, 8 AM-6 PM",50,zhangjie@example.com  ,+86 5567816720,American College of Sports Medicine (ACSM) Certified Exercise Physiologist,Experienced volleyball coach with 2 years of coaching experience.,"Chinese, English, Japanese",https://example.com/profile.jpg
17,Zhao Wei,Volleyball,20,Xi'an,4.6,"Monday-Saturday, 10 AM-5 PM",100,zhaowei@example.com  ,+86 9639245200,National Council for Certified Personal Trainers (NCCPT) Certified Trainer,Experienced volleyball coach with 20 years of coaching experience.,"Chinese, English",https://example.com/profile.jpg
18,Zheng Yi,Volleyball,4,Dongguan,4.9,"Wednesday-Sunday, 9 AM-5 PM",64,zhengyi@example.com  ,+86 2461042543,None,Experienced volleyball coach with 4 years of coaching experience.,"Chinese, English",https://example.com/profile.jpg
19,Gao Feng,Volleyball,14,Guangzhou,4.3,"Monday-Friday, 8 AM-5 PM",63,gaofeng@example.com  ,+86 4272602734,World Rugby Coach Certification,Experienced volleyball coach with 14 years of coaching experience.,"Chinese, English, Korean",https://example.com/profile.jpg
20,Guo Ling,Volleyball,4,Dongguan,4.5,"Saturday-Monday, 10 AM-6 PM",94,guoling@example.com  ,+86 3615507143,International Tennis Federation (ITF) Level 1 Coach,Experienced volleyball coach with 4 years of coaching experience.,"Chinese, English, French",https://example.com/profile.jpg
21,Wang Fang,Volleyball,12,Guangzhou,3.9,"Tuesday-Thursday, 9 AM-4 PM",97,wangfang@example.com  ,+86 4944899549,Chinese Swimming Association Level 1 Coach,Experienced volleyball coach with 12 years of coaching experience.,"Chinese, Japanese",https://example.com/profile.jpg
22,Huang Bo,Volleyball,11,Xi'an,4.4,"Wednesday-Friday, 8 AM-4 PM",76,huangbo@example.com  ,+86 2320763135,None,Experienced volleyball coach with 11 years of coaching experience.,"Chinese, English",https://example.com/profile.jpg
23,Li Wei,Volleyball,8,Tianjin,4.7,"Thursday-Sunday, 10 AM-6 PM",40,liwei@example.com  ,+86 8438486479,National Strength Coaches Association (NSCA) Certified Strength Coach,Experienced volleyball coach with 8 years of coaching experience.,"Chinese, English, Spanish",https://example.com/profile.jpg
24,He Yi,Volleyball,3,Nanjing,4.2,"Monday-Sunday, 9 AM-7 PM",46,heyi@example.com  ,+86 8128575500,Certified Martial Arts Instructor,Experienced volleyball coach with 3 years of coaching experience.,Chinese,https://example.com/profile.jpg
25,Shen Yi,Volleyball,6,Wuhan,4.1,"Tuesday-Saturday, 9 AM-5 PM",84,shenyi@example.com  ,+86 5141907136,None,Experienced volleyball coach with 6 years of coaching experience.,"Chinese, English",https://example.com/profile.jpg
26,Tang Wei,Handball,7,Suzhou,3.8,"Wednesday-Thursday, 10 AM-5 PM",77,tangwei@example.com  ,+86 7517938612,Canadian Fitness Education Services (CFES) Certified Fitness Instructor,Experienced handball coach with 7 years of coaching experience.,"Chinese, English",https://example.com/profile.jpg
27,Yu Xuan,Handball,8,Shenzhen,4.5,"Saturday-Monday, 11 AM-7 PM",32,yuxuan@example.com  ,+86 1945826486,Tai Chi Instructor Certification,Experienced handball coach with 8 years of coaching experience.,"Chinese, Arabic",https://example.com/profile.jpg
28,Lin Tao,Handball,2,Shenzhen,4.3,"Monday-Sunday, 10 AM-5 PM",34,lintao@example.com  ,+86 8987073217,None,Experienced handball coach with 2 years of coaching experience.,"Chinese, English, French",https://example.com/profile.jpg
29,Zhang Jie,Handball,17,Shenzhen,3.9,"Friday-Sunday, 8 AM-5 PM",92,zhangjie@example.com  ,+86 3030106617,Kettlebell Certification,Experienced handball coach with 17 years of coaching experience.,"Chinese, English, Portuguese",https://example.com/profile.jpg
30,Wang Jun,Handball,16,Hangzhou,4.4,"Tuesday-Thursday, 9 AM-6 PM",42,wangjun@example.com  ,+86 8125276666,USA Soccer Federation Coaching License,Experienced handball coach with 16 years of coaching experience.,"Chinese, English",https://example.com/profile.jpg
31,Sun Yang,Handball,14,Hangzhou,4.7,"Wednesday-Saturday, 10 AM-5 PM",36,sunyang@example.com  ,+86 1422701550,Advanced Pilates Instructor,Experienced handball coach with 14 years of coaching experience.,"Chinese, Arabic",https://example.com/profile.jpg
32,Fang Ke,Handball,11,Shanghai,4.6,"Thursday-Monday, 9 AM-4 PM",54,fangke@example.com  ,+86 7598297060,None,Experienced handball coach with 11 years of coaching experience.,Chinese,https://example.com/profile.jpg
33,Wang Fang,Handball,14,Guangzhou,4.1,"Monday-Thursday, 11 AM-7 PM",61,wangfang@example.com  ,+86 5618742930,Certified Adaptive Fitness Trainer,Experienced handball coach with 14 years of coaching experience.,"Chinese, English",https://example.com/profile.jpg
34,Tang Wei,Handball,18,Shanghai,4.5,"Friday-Wednesday, 10 AM-6 PM",99,tangwei@example.com  ,+86 4590711152,USA Diving Coach Certification,Experienced handball coach with 18 years of coaching experience.,"Chinese, English",https://example.com/profile.jpg
35,Zhang Jie,Handball,8,Guangzhou,4.3,"Saturday-Thursday, 8 AM-4 PM",91,zhangjie@example.com  ,+86 1251837136,None,Experienced handball coach with 8 years of coaching experience.,"Chinese, French",https://example.com/profile.jpg
36,Liang Shu,Handball,1,Hangzhou,4.2,"Monday-Wednesday, 9 AM-6 PM",88,liangshu@example.com  ,+86 6520103410,International Federation of Bodybuilding (IFBB) Certified Trainer,Experienced handball coach with 1 years of coaching experience.,"Chinese, English",https://example.com/profile.jpg
37,Xu Na,Tennis,16,Guangzhou,4.5,"Tuesday-Sunday, 10 AM-5 PM",57,xuna@example.com  ,+86 5160575046,Rugby Coaching Certification,Experienced tennis coach with 16 years of coaching experience.,"Chinese, Korean",https://example.com/profile.jpg
38,Huang Bo,Tennis,18,Beijing,4.4,"Friday-Monday, 8 AM-5 PM",37,huangbo@example.com  ,+86 9805294274,None,Experienced tennis coach with 18 years of coaching experience.,"Chinese, Japanese",https://example.com/profile.jpg
39,Zhao Qiang,Tennis,17,Nanjing,4.6,"Saturday-Thursday, 9 AM-4 PM",95,zhaoqiang@example.com  ,+86 1798112150,Special Olympics Coach Certification,Experienced tennis coach with 17 years of coaching experience.,"Chinese, English",https://example.com/profile.jpg
40,Huang Bo,Tennis,3,Dongguan,4.3,"Monday-Friday, 10 AM-6 PM",81,huangbo@example.com  ,+86 3553440342,Aikido Instructor Certification,Experienced tennis coach with 3 years of coaching experience.,Chinese,https://example.com/profile.jpg
41,Huang Bo,Tennis,3,Hangzhou,4.9,"Tuesday-Wednesday, 9 AM-5 PM",96,huangbo@example.com  ,+86 2119980130,None,Experienced tennis coach with 3 years of coaching experience.,"Chinese, English",https://example.com/profile.jpg
42,Xu Na,Tennis,11,Shenzhen,4.1,"Thursday-Sunday, 8 AM-5 PM",46,xuna@example.com  ,+86 6583444930,CPR and First Aid Certification,Experienced tennis coach with 11 years of coaching experience.,"Chinese, English",https://example.com/profile.jpg
43,Zheng Liang,Tennis,3,Beijing,4.4,"Monday-Saturday, 10 AM-6 PM",42,zhengliang@example.com  ,+86 9904586976,CrossFit Level 1 Trainer,Experienced tennis coach with 3 years of coaching experience.,"Chinese, English, French",https://example.com/profile.jpg
44,Liu Chen,Tennis,17,Wuhan,4.6,"Wednesday-Friday, 11 AM-5 PM",74,liuchen@example.com  ,+86 4783282817,None,Experienced tennis coach with 17 years of coaching experience.,"Chinese, English, Korean",https://example.com/profile.jpg
45,Zhou Jun,Tennis,8,Chengdu,4.3,"Friday-Sunday, 8 AM-6 PM",86,zhoujun@example.com  ,+86 8316648259,Taekwondo Instructor Certification,Experienced tennis coach with 8 years of coaching experience.,"Chinese, English, Turkish",https://example.com/profile.jpg
46,Huang Bo,Tennis,17,Beijing,4.8,"Saturday-Tuesday, 9 AM-5 PM",100,huangbo@example.com  ,+86 3849232839,USA Field Hockey Level 1 Coach,Experienced tennis coach with 17 years of coaching experience.,"Chinese, English, Arabic",https://example.com/profile.jpg
47,Zhou Jun,Tennis,5,Wuhan,4.5,"Sunday-Thursday, 10 AM-6 PM",43,zhoujun@example.com  ,+86 5962610986,None,Experienced tennis coach with 5 years of coaching experience.,"Chinese, English",https://example.com/profile.jpg
48,Huang Bo,Gym,7,Suzhou,4.7,"Tuesday-Wednesday, 9 AM-4 PM",63,huangbo@example.com  ,+86 7465682673,Cheerleading Coach Certification,Experienced gym coach with 7 years of coaching experience.,"Chinese, English",https://example.com/profile.jpg
49,Chen Li,Gym,2,Shanghai,4.2,"Monday-Friday, 10 AM-5 PM",65,chenli@example.com  ,+86 1189351213,National Academy of Sports Medicine (NASM) Youth Exercise Specialist,Experienced gym coach with 2 years of coaching experience.,"Chinese, French",https://example.com/profile.jpg
50,Sun Yang,Gym,5,Dongguan,4.9,"Tuesday-Sunday, 9 AM-6 PM",50,sunyang@example.com  ,+86 8478529823,None,Experienced gym coach with 5 years of coaching experience.,"Chinese, English, Italian",https://example.com/profile.jpg
51,Guo Ling,Gym,14,Nanjing,4.3,"Wednesday-Friday, 10 AM-4 PM",39,guoling@example.com  ,+86 3373077218,Functional Movement Screen (FMS) Certification,Experienced gym coach with 14 years of coaching experience.,Chinese,https://example.com/profile.jpg
52,Qiu Liang,Gym,5,Beijing,4.4,"Saturday-Monday, 11 AM-5 PM",35,qiuliang@example.com  ,+86 9155819200,International Sports Sciences Association (ISSA) Certified Coach,Experienced gym coach with 5 years of coaching experience.,"Chinese, Arabic",https://example.com/profile.jpg
53,Peng Tao,Gym,8,Dongguan,4.5,"Thursday-Saturday, 8 AM-6 PM",82,pengtao@example.com  ,+86 4218981849,None,Experienced gym coach with 8 years of coaching experience.,"Chinese, English",https://example.com/profile.jpg
54,Zhou Jun,Gym,8,Guangzhou,4.9,"Monday-Wednesday, 10 AM-6 PM",52,zhoujun@example.com  ,+86 9080621072,American Association of Cheerleading Coaches and Administrators (AACCA) Certification,Experienced gym coach with 8 years of coaching experience.,"Chinese, English, Persian",https://example.com/profile.jpg
55,Han Xin,Gym,6,Suzhou,4.7,"Tuesday-Friday, 9 AM-5 PM",82,hanxin@example.com  ,+86 4482141802,U.S. Lacrosse Level 1 Coach,Experienced gym coach with 6 years of coaching experience.,"Chinese, English, Dutch",https://example.com/profile.jpg
56,Chen Li,Gym,6,Suzhou,4.3,"Friday-Sunday, 9 AM-5 PM",34,chenli@example.com  ,+86 8982597239,None,Experienced gym coach with 6 years of coaching experience.,Chinese,https://example.com/profile.jpg
57,Jiang Tao,Swimming,15,Chengdu,4.5,"Thursday-Sunday, 10 AM-6 PM",59,jiangtao@example.com  ,+86 1957449367,National Federation of High School Coaches (NFHS) Dance Coach Certification,Experienced swimming coach with 15 years of coaching experience.,"Chinese, English",https://example.com/profile.jpg
58,Li Mei,Swimming,7,Hangzhou,4.2,"Monday-Saturday, 8 AM-5 PM",38,limei@example.com  ,+86 6493800024,International Coach Federation (ICF) Accredited Coach,Experienced swimming coach with 7 years of coaching experience.,"Chinese, Korean",https://example.com/profile.jpg
59,Zhang Yan,Swimming,17,Hangzhou,4.4,"Wednesday-Monday, 9 AM-4 PM",98,zhangyan@example.com  ,+86 1118543408,None,Experienced swimming coach with 17 years of coaching experience.,"Chinese, English",https://example.com/profile.jpg
60,Zhou Jun,Swimming,9,Guangzhou,4.3,"Tuesday-Thursday, 10 AM-5 PM",63,zhoujun@example.com  ,+86 1164313410,Yoga Alliance Certified Teacher,Experienced swimming coach with 9 years of coaching experience.,"Chinese, English",https://example.com/profile.jpg
61,Ma Xiang,Swimming,14,Chengdu,4.8,"Friday-Wednesday, 8 AM-6 PM",70,maxiang@example.com  ,+86 5791662169,NCAA Coaching Certification,Experienced swimming coach with 14 years of coaching experience.,"Chinese, English",https://example.com/profile.jpg
62,Zhou Jun,Swimming,19,Shenzhen,4.5,"Saturday-Thursday, 9 AM-6 PM",85,zhoujun@example.com  ,+86 9597198563,None,Experienced swimming coach with 19 years of coaching experience.,"Chinese, English, Spanish",https://example.com/profile.jpg
63,Ding Rui,Swimming,18,Dongguan,4.9,"Monday-Sunday, 10 AM-5 PM",55,dingrui@example.com  ,+86 6859286614,Chinese Table Tennis Association Level 2 Coach,Experienced swimming coach with 18 years of coaching experience.,"Chinese, English",https://example.com/profile.jpg
64,Yin Bo,Swimming,11,Tianjin,4.3,"Tuesday-Wednesday, 8 AM-4 PM",45,yinbo@example.com  ,+86 7049001493,None,Experienced swimming coach with 11 years of coaching experience.,"Chinese, English",https://example.com/profile.jpg
65,Zheng Yi,Jogging,10,Nanjing,4.1,"Thursday-Saturday, 9 AM-5 PM",83,zhengyi@example.com  ,+86 7739255769,Wushu Coach Certification,Experienced jogging coach with 10 years of coaching experience.,"Chinese, Arabic",https://example.com/profile.jpg
66,Cheng Rui,Jogging,18,Beijing,4.4,"Friday-Sunday, 10 AM-4 PM",56,chengrui@example.com  ,+86 8106906538,None,Experienced jogging coach with 18 years of coaching experience.,Chinese,https://example.com/profile.jpg
67,Zhao Qiang,Jogging,15,Xi'an,4.7,"Saturday-Tuesday, 10 AM-5 PM",95,zhaoqiang@example.com  ,+86 5659161352,National Council of Youth Sports Certification,Experienced jogging coach with 15 years of coaching experience.,"Chinese, English",https://example.com/profile.jpg
68,Wen Yan,Jogging,20,Chengdu,4.3,"Monday-Friday, 11 AM-6 PM",60,wenyan@example.com  ,+86 8184602688,Ballet Teacher Certification,Experienced jogging coach with 20 years of coaching experience.,"Chinese, English",https://example.com/profile.jpg
69,Kang Hua,Jogging,7,Guangzhou,4.2,"Tuesday-Sunday, 9 AM-7 PM",61,kanghua@example.com  ,+86 9520940324,None,Experienced jogging coach with 7 years of coaching experience.,"Chinese, Japanese",https://example.com/profile.jpg
70,Huang Bo,Jogging,3,Xi'an,4.4,"Wednesday-Thursday, 10 AM-4 PM",54,huangbo@example.com  ,+86 6944142262,Basketball Coaches Association Certification,Experienced jogging coach with 3 years of coaching experience.,"Chinese, English",https://example.com/profile.jpg
71,Luo Yu,Jogging,8,Guangzhou,4.7,"Monday-Wednesday, 9 AM-5 PM",30,luoyu@example.com  ,+86 4803044105,None,Experienced jogging coach with 8 years of coaching experience.,"Chinese, French",https://example.com/profile.jpg
72,Tang Wei,Jogging,14,Shenzhen,4.3,"Thursday-Sunday, 8 AM-5 PM",96,tangwei@example.com  ,+86 2995226582,Sports Nutrition Certification,Experienced jogging coach with 14 years of coaching experience.,"Chinese, English, Italian",https://example.com/profile.jpg
73,Fan Jie,Jogging,8,Shanghai,4.5,"Saturday-Monday, 10 AM-6 PM",89,fanjie@example.com  ,+86 7852415525,None,Experienced jogging coach with 8 years of coaching experience.,"Chinese, English",https://example.com/profile.jpg
74,Tang Wei,Jogging,15,Tianjin,4.6,"Friday-Sunday, 9 AM-4 PM",94,tangwei@example.com  ,+86 8995059760,Track and Field Coaches Association Certification,Experienced jogging coach with 15 years of coaching experience.,"Chinese, English, Russian",https://example.com/profile.jpg
75,Huang Yi,Long Jumping,8,Dongguan,4.2,"Tuesday-Thursday, 10 AM-6 PM",96,huangyi@example.com  ,+86 6322520473,None,Experienced long jumping coach with 8 years of coaching experience.,"Chinese, German",https://example.com/profile.jpg
76,Zhao Qiang,Long Jumping,3,Suzhou,4.5,"Wednesday-Monday, 9 AM-5 PM",64,zhaoqiang@example.com  ,+86 6737421496,Rugby Football Union Level 1 Coaching Award,Experienced long jumping coach with 3 years of coaching experience.,"Chinese, English, Italian",https://example.com/profile.jpg
77,Xia Tian,Long Jumping,18,Shanghai,4.1,"Saturday-Sunday, 10 AM-5 PM",59,xiatian@example.com  ,+86 1918920620,None,Experienced long jumping coach with 18 years of coaching experience.,"Chinese, English, Portuguese",https://example.com/profile.jpg
78,Qin An,Long Jumping,14,Chengdu,4.7,"Monday-Friday, 8 AM-6 PM",83,qinan@example.com  ,+86 1267429212,Fitness Management Certification,Experienced long jumping coach with 14 years of coaching experience.,"Chinese, English, Hindi",https://example.com/profile.jpg
79,He Yi,Long Jumping,14,Hangzhou,4.6,"Tuesday-Wednesday, 10 AM-4 PM",32,heyi@example.com  ,+86 6928691380,None,Experienced long jumping coach with 14 years of coaching experience.,"Chinese, English, Thai",https://example.com/profile.jpg
80,Shen Yue,Long Jumping,12,Wuhan,4.9,"Thursday-Saturday, 9 AM-6 PM",83,shenyue@example.com  ,+86 4856070374,Sports Psychology Certification,Experienced long jumping coach with 12 years of coaching experience.,"Chinese, Arabic, French",https://example.com/profile.jpg
81,Zhao Qiang,Long Jumping,8,Wuhan,4.2,"Friday-Sunday, 8 AM-5 PM",33,zhaoqiang@example.com  ,+86 6965096268,None,Experienced long jumping coach with 8 years of coaching experience.,"Chinese, French, Japanese",https://example.com/profile.jpg
82,Xu Na,Long Jumping,13,Suzhou,4.3,"Saturday-Monday, 11 AM-6 PM",89,xuna@example.com  ,+86 4949401194,International Association of Coaching (IAC) Certification,Experienced long jumping coach with 13 years of coaching experience.,"Chinese, English, Vietnamese",https://example.com/profile.jpg
83,Zhao Liang,Long Jumping,18,Beijing,4.7,"Sunday-Thursday, 9 AM-5 PM",33,zhaoliang@example.com  ,+86 9950486177,None,Experienced long jumping coach with 18 years of coaching experience.,"Chinese, English, Turkish",https://example.com/profile.jpg
84,Feng Qi,Long Jumping,5,Xi'an,4.5,"Tuesday-Thursday, 10 AM-5 PM",63,fengqi@example.com  ,+86 6923206003,Aquatic Exercise Association Certification,Experienced long jumping coach with 5 years of coaching experience.,"Chinese, English, Persian",https://example.com/profile.jpg
85,Zhao Qiang,High Jumping,11,Chengdu,4.3,"Monday-Saturday, 8 AM-5 PM",78,zhaoqiang@example.com  ,+86 7105574449,None,Experienced high jumping coach with 11 years of coaching experience.,"Chinese, English, Dutch",https://example.com/profile.jpg
86,He Yi,High Jumping,3,Xi'an,4.2,"Wednesday-Friday, 10 AM-6 PM",99,heyi@example.com  ,+86 9383431259,Dance Teacher Certification,Experienced high jumping coach with 3 years of coaching experience.,"Chinese, English, Malay",https://example.com/profile.jpg
87,Sun Tao,High Jumping,3,Dongguan,4.1,"Friday-Sunday, 9 AM-5 PM",33,suntao@example.com  ,+86 5078551333,None,Experienced high jumping coach with 3 years of coaching experience.,"Chinese, Italian",https://example.com/profile.jpg
88,Zhou Fei,High Jumping,1,Tianjin,4.5,"Saturday-Tuesday, 11 AM-7 PM",46,zhoufei@example.com  ,+86 5070585433,Hiking Guide Certification,Experienced high jumping coach with 1 years of coaching experience.,"Chinese, English, Tagalog",https://example.com/profile.jpg
89,Lei Feng,High Jumping,9,Chengdu,4.6,"Sunday-Wednesday, 9 AM-4 PM",44,leifeng@example.com  ,+86 2335901990,None,Experienced high jumping coach with 9 years of coaching experience.,"Chinese, Japanese, Korean",https://example.com/profile.jpg
90,Huang Bo,High Jumping,1,Wuhan,4.3,"Tuesday-Thursday, 10 AM-6 PM",78,huangbo@example.com  ,+86 4070964768,Outdoor Adventure Guide Certification,Experienced high jumping coach with 1 years of coaching experience.,"Chinese, English, Bengali",https://example.com/profile.jpg
91,Zhang Jie,High Jumping,19,Suzhou,4.7,"Friday-Monday, 8 AM-6 PM",61,zhangjie@example.com  ,+86 8612747444,None,Experienced high jumping coach with 19 years of coaching experience.,"Chinese, Thai",https://example.com/profile.jpg
92,He Yi,High Jumping,20,Shanghai,4.8,"Monday-Saturday, 9 AM-5 PM",35,heyi@example.com  ,+86 2591589823,Sailing Instructor Certification,Experienced high jumping coach with 20 years of coaching experience.,"Chinese, Finnish",https://example.com/profile.jpg
